{"LSTM": [4479866.0, 4483912.0, 4487818.0, 4491864.0, 4495632.0, 4499259.0, 4503026.0, 4506933.0, 4510421.0, 4513769.0, 4516978.0, 4520466.0, 4523536.0, 4526605.0, 4550993.129486084, 4553503.65549469, 4556253.399974823, 4559222.35761261, 4562342.341281891, 4565583.765659332, 4568946.34897995, 4572414.312404633, 4575891.855838776, 4579352.775138855, 4582809.467964172, 4586229.813106537, 4589517.72870636, 4592634.612960815, 4595556.234081268, 4597681.587356567, 4599832.299480438, 4601984.138664246, 4604107.237819672, 4606186.099872589, 4608201.283039093, 4610137.008480072, 4611983.414421082, 4613737.964977264, 4615396.997203827, 4616960.511100769, 4618433.296672821, 4619820.143924713, 4621129.224040985, 4622374.907035828, 4623576.352928162, 4624729.898773193, 4625833.29045105, 4626885.400901794, 4627885.384830475, 4628832.960472107, 4629733.763126373, 4630584.975143433, 4631396.4582977295, 4632170.184944153, 4632902.492137909, 4633600.705768585, 4634265.38936615, 4634899.07881546, 4635501.774116516, 4636077.983509064, 4636623.480518341, 4637142.209854126, 4637638.116226196, 4638106.409629822, 4638551.880069733, 4638976.781665802, 4639380.832653046, 4639765.1600914, 4640130.327510834, 4640478.5890312195, 4640809.381122589, 4641124.676139832, 4641423.628787994, 4641711.310836792, 4641981.241691589, 4642237.08429718, 4642485.882778168, 4642717.493595123, 4642938.397342682, 4643150.566375732, 4643350.337749481, 4643541.656173706, 4643723.676353455, 4643896.116523743, 4644059.821979523, 4644215.638015747, 4644367.2275772095, 4644506.137714386, 4644642.793731689, 4644768.742679596, 4644891.873977661, 4645008.806446075, 4645117.004199982, 4645221.25724411, 4645322.410873413, 4645417.365673065, 4645506.966938019, 4645591.778198242, 4645675.462398529, 4645751.8207092285, 4645824.23431015, 4645896.0843811035, 4645963.989742279, 4646028.513923645], "GRU": [4479866.0, 4483912.0, 4487818.0, 4491864.0, 4495632.0, 4499259.0, 4503026.0, 4506933.0, 4510421.0, 4513769.0, 4516978.0, 4520466.0, 4523536.0, 4526605.0, 4560785.871509552, 4563454.7494392395, 4566261.128681183, 4568855.057125092, 4571313.174846649, 4573740.861949921, 4576176.438472748, 4578649.20797348, 4581267.931735992, 4584178.564022064, 4587332.077724457, 4590478.82906723, 4593499.913227081, 4596029.03572464, 4597124.537982941, 4598323.729755402, 4599484.601490021, 4600616.16966629, 4601729.704883575, 4602828.0247917175, 4603900.985851288, 4604935.063343048, 4605903.77135849, 4606774.988689423, 4607526.1741371155, 4608160.14535141, 4608690.990581512, 4609153.648685455, 4609607.290309906, 4610037.26367569, 4610441.314662933, 4610826.205631256, 4611181.793041229, 4611508.640422821, 4611801.112476349, 4612063.153911591, 4612295.328258514, 4612501.01669693, 4612685.85452652, 4612857.73116684, 4613015.519557953, 4613163.164409637, 4613300.102191925, 4613425.205844879, 4613540.165958405, 4613642.728412628, 4613735.710857391, 4613821.930942535, 4613896.316898346, 4613965.631084442, 4614029.309970856, 4614086.22649765, 4614139.761844635, 4614188.788951874, 4614233.871349335, 4614274.44550705, 4614311.638484955, 4614345.450283051, 4614375.317371368, 4614402.930339813, 4614428.852718353, 4614451.393917084, 4614471.680995941, 4614490.841014862, 4614509.437503815, 4614525.779872894, 4614540.431652069, 4614552.829311371, 4614563.536380768, 4614576.497570038, 4614584.950519562, 4614596.221118927, 4614602.419948578, 4614610.872898102, 4614618.198787689, 4614626.088207245, 4614629.469387054, 4614635.104686737, 4614640.176456451, 4614643.557636261, 4614648.629405975, 4614651.447055817, 4614655.3917655945, 4614658.772945404, 4614661.027065277, 4614663.28118515, 4614666.66236496, 4614667.789424896, 4614668.916484833, 4614670.043544769]}